"id","lat","lon"
"7,629",16.3602543056,-95.0188354722
"8,580",16.3623001944,-95.0196588889
"8,898",16.3628785,-95.0159478889
"7,313",16.3627026667,-95.0158398889
"7,631",16.3599596111,-95.0188367778
"7,948",16.3629375278,-95.0240421944
"8,265",16.3597625556,-95.0219239167
"9,216",16.3546601389,-95.0168986111
"8,583",16.3626758889,-95.0196685556
"7,315",16.3626947222,-95.0162948611
"8,267",16.3594689444,-95.0219178611
"8,901",16.3625754444,-95.0159426667
"7,951",16.3632611944,-95.0240470556
"7,635",16.3596624722,-95.01883775
"8,586",16.3629506111,-95.0196705556
"9,220",16.3549429167,-95.0169088333
"7,318",16.3623240278,-95.0162727222
"7,636",16.3593598333,-95.0188370278
"8,904",16.3623397222,-95.0159366389
"7,954",16.3635575833,-95.0240519167
"8,271",16.3592144444,-95.0219077778
"9,222",16.3552115,-95.0169188889
"8,589",16.3633263611,-95.019674
"8,907",16.3627294167,-95.0155301111
"7,322",16.3620295833,-95.0162726667
"7,640",16.3590588889,-95.0188368056
"7,957",16.3638912778,-95.0240585833
"8,274",16.3592240556,-95.0214943333
"9,225",16.3555261389,-95.0169305833
"8,275",16.3596236667,-95.0215035
"8,592",16.3635681944,-95.0196765278
"8,910",16.3630283333,-95.0155329444
"7,325",16.3617203333,-95.0162694444
"7,960",16.3641523611,-95.0240640556
"7,644",16.3587675,-95.018839
"8,278",16.3599455278,-95.0215067222
"8,595",16.3638838611,-95.0196801944
"9,229",16.3558499722,-95.0169426667
"8,913",16.3633199444,-95.0155357222
"7,328",16.3614159444,-95.0162708056
"7,646",16.3584556667,-95.0188368611
"7,963",16.3644800556,-95.0240676389
"8,281",16.3602636667,-95.0215105556
"8,598",16.3641676667,-95.0196842778
"9,232",16.3561189167,-95.0169530278
"8,916",16.3636511944,-95.0155393611
"7,966",16.3647743889,-95.0240721667
"7,332",16.3611203611,-95.0162701389
"7,650",16.3582254722,-95.0188254722
"8,284",16.3605389444,-95.0215139444
"8,601",16.3644630833,-95.01968825
"8,919",16.3639336389,-95.0155427778
"9,236",16.3564147222,-95.0169644167
"7,334",16.3608420556,-95.0162715833
"7,652",16.3582302222,-95.0192856111
"7,969",16.3650006111,-95.024074
"8,287",16.3608626111,-95.0215183889
"8,604",16.3647858056,-95.0196922222
"8,922",16.3642616667,-95.01554725
"9,239",16.3567101944,-95.016976
"7,338",16.3605175278,-95.0162723889
"7,655",16.3585788611,-95.0192571389
"7,972",16.3649985833,-95.0236625833
"8,290",16.36114425,-95.021523
"8,607",16.365075,-95.0196951111
"8,925",16.3645315,-95.0155508056
"9,242",16.3570061944,-95.0169876944
"7,975",16.3646260556,-95.023662
"7,341",16.3602434722,-95.0162749722
"7,659",16.3589031944,-95.0192558333
"8,293",16.3614400556,-95.0215275556
"8,610",16.3652931667,-95.0196990833
"7,342",16.3599502778,-95.01627625
"8,928",16.3648273333,-95.0155542778
"9,245",16.3573294722,-95.0170004444
"7,978",16.3643211389,-95.0236564444
"9,246",16.3576112222,-95.0170110556
"7,662",16.3592100556,-95.0192537778
"8,296",16.3617771111,-95.0215325833
"8,613",16.36528225,-95.0192837222
"7,345",16.3596408333,-95.01627175
"7,663",16.3595084444,-95.019253
"8,931",16.3651053056,-95.01555725
"7,981",16.3640053611,-95.0236545833
"8,615",16.3649323056,-95.01928075
"8,299",16.36208575,-95.0215379444
"9,250",16.3578808056,-95.0170212222
"7,666",16.3597947778,-95.0192511111
"8,934",16.3653412222,-95.0155601111
"7,349",16.3593466389,-95.0162718611
"7,984",16.36371575,-95.0236466667
"8,618",16.3646456389,-95.0192767222
"9,253",16.3581845556,-95.0170325278
"7,669",16.3600920278,-95.0192505
"8,937",16.3541505556,-95.0192926111
"7,352",16.3590477222,-95.0162715278
"7,987",16.3633943611,-95.02364025
"8,304",16.3623942222,-95.0215427222
"8,621",16.3643381389,-95.0192743611
"9,255",16.3584081667,-95.01703925
"7,355",16.35875675,-95.0162685278
"7,672",16.3603892222,-95.0192507778
"8,306",16.3626766667,-95.0215471667
"8,940",16.3545539722,-95.0193040278
"7,990",16.3631061667,-95.0236341111
"8,624",16.3640188333,-95.0192713889
"9,258",16.3584076667,-95.0166414167
"7,357",16.3584533333,-95.0162716389
"8,309",16.3630118333,-95.021552
"8,943",16.3548233889,-95.0193137222
"7,993",16.3627954167,-95.0236287222
"8,627",16.3637525278,-95.0192677222
"9,261",16.3580734722,-95.0166280556
"7,677",16.360685,-95.0192510278
"8,946",16.3551255278,-95.0193242222
"7,361",16.3582243611,-95.0162633056
"7,996",16.3624788889,-95.0236263056
"8,313",16.3633320556,-95.0215574722
"8,630",16.3634532222,-95.0192652222
"9,264",16.3577726667,-95.0166177778
"7,680",16.3609945278,-95.0192506667
"8,949",16.3554237778,-95.0193353889
"7,999",16.3621641944,-95.0236236944
"8,316",16.36360875,-95.0215610278
"8,633",16.3631378333,-95.0192625
"9,267",16.35747875,-95.0166061389
"7,365",16.3582274722,-95.0167164167
"7,683",16.3612781111,-95.0192495278
"8,952",16.3557362778,-95.0193476111
"7,367",16.3585803056,-95.0166943333
"7,685",16.3615845556,-95.0192507222
"8,002",16.3618778333,-95.02361875
"8,319",16.3639419444,-95.0215661667
"8,636",16.3628565,-95.0192573333
"9,270",16.3571697778,-95.0165953056
"8,320",16.3642073333,-95.0215706667
"7,369",16.3589068333,-95.016694
"7,687",16.3618945278,-95.0192535278
"8,955",16.3560328889,-95.0193589167
"8,005",16.3615803333,-95.0236169722
"8,323",16.3644976111,-95.0215752778
"8,640",16.3625578889,-95.0192521111
"9,274",16.3568749444,-95.0165846389
"8,958",16.35632875,-95.0193706667
"8,008",16.3612688889,-95.0236118056
"8,642",16.3623030556,-95.0192465833
"7,374",16.3591954167,-95.0166932222
"7,692",16.3621838333,-95.0192536667
"8,326",16.3648090556,-95.0215796944
"9,277",16.3565606667,-95.0165723056
"8,961",16.3566246111,-95.01938275
"8,011",16.3609496111,-95.0236074444
"8,645",16.3623103056,-95.0188336111
"7,377",16.3595123333,-95.01669275
"7,695",16.3624675833,-95.0192526944
"9,280",16.3562893333,-95.0165616667
"8,964",16.3569071944,-95.0193935833
"7,379",16.3598219444,-95.0166934444
"8,014",16.3606573611,-95.0235994444
"8,331",16.3650387778,-95.0215842778
"8,648",16.3626669167,-95.0188415278
"7,698",16.3626967222,-95.0192522222
"9,283",16.3559850833,-95.0165492222
"7,699",16.3626937778,-95.0197075
"8,333",16.3650357222,-95.0211690278
"8,967",16.3572035,-95.0194051111
"8,017",16.36034825,-95.0235964444
"8,651",16.3630021389,-95.0188441944
"7,383",16.3600879444,-95.0166933611
"9,286",16.3556940556,-95.0165383333
"7,384",16.3604145556,-95.0166938056
"7,702",16.3623338333,-95.0196884444
"8,336",16.3646489167,-95.0211726389
"8,970",16.3574997222,-95.0194164167
"8,020",16.3600468611,-95.0235931944
"8,655",16.3632877778,-95.0188472222
"9,289",16.3553720833,-95.0165261667
"7,387",16.360741,-95.0166942778
"8,339",16.3643587778,-95.0211650556
"8,973",16.3577956667,-95.0194275556
"7,706",16.3620308611,-95.0196899167
"8,023",16.3597383611,-95.02358725
"8,657",16.3636112222,-95.0188507222
"9,292",16.3550947778,-95.0165157222
"7,391",16.3610177222,-95.0166946667
"8,342",16.3640498333,-95.0211611111
"8,976",16.3580879722,-95.0194385556
"8,026",16.3594426667,-95.0235841111
"7,710",16.3617316389,-95.0196890833
"8,661",16.3638758889,-95.0188535278
"9,295",16.3547895,-95.0165042222
"8,979",16.358324,-95.0194436389
"7,712",16.36140575,-95.0196877222
"8,029",16.3591902778,-95.0235689722
"8,346",16.3637609167,-95.0211566111
"7,395",16.3613116667,-95.0166936667
"8,664",16.3641719722,-95.0188575278
"9,298",16.3545007778,-95.0164926667
"7,396",16.3615673611,-95.0166943611
"7,714",16.3611136667,-95.0196874167
"8,348",16.3634531111,-95.0211516944
"8,982",16.3579834167,-95.0190335556
"8,032",16.3591999167,-95.0231570833
"8,667",16.3644578056,-95.0188609722
"9,301",16.3541981667,-95.0164811389
"7,399",16.3618745833,-95.0166957222
"8,351",16.3631409722,-95.0211483333
"8,985",16.3576754444,-95.0190210278
"7,718",16.36083425,-95.0196892778
"8,035",16.3596203611,-95.0231672222
"8,670",16.3648112222,-95.0188648333
"8,354",16.3628328056,-95.0211396667
"8,988",16.3573856111,-95.0190110833
"9,305",16.3539556111,-95.0164664167
"7,403",16.3621763889,-95.0166920556
"7,721",16.3605465556,-95.0196906944
"8,038",16.3599014722,-95.0231710278
"7,208",16.3578000556,-95.0158153056
"7,210",16.3574729167,-95.0158038056
"8,673",16.3650883889,-95.01886775
"7,234",16.3539837778,-95.0156643889
"7,266",16.3582241667,-95.01541
"8,357",16.3625317778,-95.0211343889
"8,991",16.3570741389,-95.0190006667
"9,308",16.3539710556,-95.0160704444
"8,041",16.3602264722,-95.0231749444
"7,407",16.3624760278,-95.0166911667
"7,725",16.3602497222,-95.0196891389
"8,676",16.36530175,-95.01886925
"8,360",16.3622120278,-95.0211303333
"8,994",16.3567828056,-95.0189878333
"9,311",16.35438275,-95.0160858333
"7,409",16.3626968889,-95.0166906389
"7,727",16.3599541667,-95.01969075
"8,044",16.3605093889,-95.0231779167
"8,679",16.3652918056,-95.0184576389
"8,363",16.3619211111,-95.0211265
"8,997",16.3564925556,-95.0189763056
"9,314",16.3546331944,-95.0160947778
"7,412",16.36268925,-95.0171403056
"7,730",16.3596590278,-95.01968875
"8,047",16.3608168056,-95.0231824167
"8,682",16.3649360278,-95.0184570833
"7,414",16.3623266111,-95.0171275
"8,366",16.36161075,-95.0211231667
"9,000",16.3561918333,-95.0189662222
"9,317",16.3549747778,-95.0161070278
"7,733",16.3593523611,-95.0196866944
"8,050",16.36114525,-95.0231863056
"8,684",16.36464375,-95.0184523056
"9,319",16.3552409722,-95.0161168611
"8,369",16.3613086667,-95.0211208611
"9,003",16.3558919722,-95.0189541389
"7,736",16.3590620556,-95.0196873056
"8,053",16.3614170278,-95.0231904167
"8,687",16.3643501667,-95.0184483611
"7,419",16.3620294167,-95.0171268889
"9,322",16.3555683333,-95.0161289444
"7,420",16.3617318333,-95.01712725
"8,372",16.3610077778,-95.0211172222
"9,006",16.3556042222,-95.0189435833
"7,739",16.3587539167,-95.0196860556
"8,056",16.3617693333,-95.0231956111
"8,690",16.3640344444,-95.0184449167
"9,324",16.3558397778,-95.0161393056
"8,375",16.3607011667,-95.0211119722
"9,009",16.3552884722,-95.0189321111
"7,742",16.3584615278,-95.0196875
"8,059",16.3620577778,-95.0231998056
"8,693",16.3637579722,-95.01844125
"7,425",16.3614268611,-95.0171280556
"9,328",16.3561496944,-95.0161513611
"8,378",16.3603909444,-95.0211051944
"9,012",16.3550077222,-95.0189211944
"7,427",16.3611243333,-95.0171236667
"7,745",16.3582253333,-95.0196790278
"8,696",16.3634389444,-95.0184355556
"8,063",16.3623554722,-95.0232036944
"7,429",16.3608305833,-95.0171229167
"8,381",16.3600644722,-95.0210985556
"9,015",16.3547185278,-95.0189091389
"9,332",16.35645825,-95.0161627778
"7,748",16.3582264444,-95.0201336389
"8,065",16.3627053889,-95.0232086944
"8,699",16.3631600556,-95.0184339722
"8,384",16.3597659722,-95.0210958611
"9,018",16.35440925,-95.0188966944
"7,751",16.3585770278,-95.0201083056
"8,068",16.3629606111,-95.0232128333
"7,434",16.3605320833,-95.0171249444
"8,703",16.3628643056,-95.0184296389
"8,387",16.3594603056,-95.0210924722
"9,021",16.3541066111,-95.0188846667
"7,436",16.3602484444,-95.0171214444
"7,754",16.3589186389,-95.0201073056
"8,705",16.3625550556,-95.0184249444
"8,072",16.3632690278,-95.02321725
"7,438",16.3599403889,-95.0171231389
"8,390",16.3592222778,-95.0210754722
"9,024",16.3538695556,-95.018873
"8,708",16.3623126111,-95.0184188056
"7,758",16.3592007778,-95.0201063056
"8,076",16.3635965556,-95.0232230833
"8,393",16.3592359167,-95.02066325
"9,027",16.3542414444,-95.0184901667
"7,760",16.3595281389,-95.0201049444
"8,711",16.3623198333,-95.0180054722
"7,443",16.3596030833,-95.0171260556
"8,078",16.363872,-95.0232276667
"8,396",16.3596262778,-95.0206740278
"8,713",16.3626731944,-95.0180130833
"9,030",16.3545455833,-95.0185006944
"7,445",16.3593219167,-95.0171236667
"7,763",16.3598404722,-95.0201055278
"8,081",16.3642019444,-95.0232329722
"7,447",16.3590480278,-95.0171255833
"8,399",16.3599683056,-95.0206764722
"9,033",16.3548614444,-95.0185120278
"7,766",16.3600999167,-95.0201051111
"8,084",16.3645110278,-95.0232375833
"8,718",16.3629798889,-95.0180159167
"8,402",16.3602450833,-95.0206796389
"9,036",16.3551678056,-95.0185234722
"7,769",16.3603963333,-95.0201046944
"8,720",16.36328475,-95.0180188611
"7,452",16.3587581944,-95.0171287778
"8,087",16.3647908333,-95.0232404722
"7,453",16.3584603056,-95.0171278889
"8,405",16.3605833333,-95.0206834444
"9,039",16.3554822222,-95.0185351111
"7,772",16.3607865833,-95.0201052778
"8,723",16.3636189167,-95.0180221667
"8,090",16.36503,-95.0232482778
"8,408",16.3608428611,-95.0206875278
"9,042",16.3557806944,-95.0185462222
"7,457",16.3582253333,-95.0171175556
"7,775",16.3610695278,-95.0201056111
"8,093",16.3650118056,-95.0228298611
"8,727",16.3638913056,-95.0180254444
"8,411",16.3611681389,-95.0206928333
"9,045",16.3560632222,-95.0185571667
"7,778",16.3616071389,-95.0201054444
"8,729",16.3642173889,-95.0180293333
"7,460",16.35822825,-95.0175701667
"8,096",16.3646532222,-95.0228259444
"7,462",16.3585923333,-95.0175482222
"8,414",16.3614835278,-95.0206983611
"8,731",16.3645012778,-95.0180331667
"9,048",16.3563718611,-95.0185695
"7,781",16.3617140556,-95.0201055278
"8,099",16.3643502778,-95.0228234167
"8,417",16.3617839722,-95.0207036389
"8,734",16.3648091389,-95.0180370278
"9,051",16.3566398056,-95.01858025
"7,466",16.3589087778,-95.0175476389
"7,784",16.3621718056,-95.0201050278
"8,102",16.3640290278,-95.0228251111
"8,420",16.3620799722,-95.0207070833
"8,737",16.3650865833,-95.0180394167
"9,054",16.3569366944,-95.0185916111
"7,787",16.3626616111,-95.02010175
"7,469",16.3592124444,-95.0175468056
"8,105",16.3637219167,-95.0228139722
"8,423",16.3623889722,-95.0207128611
"8,740",16.3653113889,-95.0180423889
"7,790",16.3626973611,-95.0201069444
"9,058",16.3572466389,-95.0186026944
"7,473",16.3595087222,-95.0175463889
"8,108",16.36335375,-95.0228074722
"8,426",16.3626976389,-95.0207166944
"8,743",16.36530125,-95.0176272222
"7,793",16.3589349444,-95.0200808611
"9,061",16.3575288889,-95.0186134167
"7,475",16.3598228611,-95.0175445
"7,477",16.3601049722,-95.0175451944
"8,112",16.3631094722,-95.0228056944
"8,429",16.3630489722,-95.0207208611
"8,746",16.3649638056,-95.0176275556
"7,796",16.3591795,-95.0248394167
"9,064",16.3578219444,-95.0186253333
"7,480",16.3603870556,-95.0175446389
"8,115",16.3628149167,-95.02280375
"8,432",16.3633334722,-95.020724
"8,749",16.3646611944,-95.0176251389
"7,799",16.3599621389,-95.0248312778
"9,067",16.35811425,-95.0186364444
"8,118",16.3624980278,-95.0227961389
"8,435",16.3635896111,-95.0207275
"8,752",16.3643458056,-95.0176225833
"9,069",16.3583519444,-95.018642
"7,802",16.3600735556,-95.0248329722
"7,485",16.36069625,-95.01754525
"8,121",16.3622005556,-95.0227915278
"8,438",16.3639407222,-95.0207341944
"9,072",16.3583510556,-95.0182292778
"7,805",16.3605350278,-95.0248396944
"7,488",16.3609793056,-95.01754525
"8,757",16.3640518333,-95.0176177222
"8,124",16.3618851111,-95.0227891389
"8,441",16.3642233333,-95.0207375833
"9,075",16.3580121667,-95.0182297778
"7,490",16.3612969722,-95.0175462778
"7,808",16.3608289167,-95.0248435278
"8,760",16.3637519167,-95.0176152222
"7,492",16.36157175,-95.017546
"8,127",16.3615864722,-95.0227871667
"8,444",16.3645196944,-95.0207453889
"9,078",16.3576853611,-95.01821925
"7,811",16.3611143889,-95.0248473333
"8,763",16.3634675833,-95.0176094722
"8,130",16.3612868333,-95.0227831111
"9,081",16.3574142222,-95.0182097778
"7,814",16.3614672778,-95.0248516944
"8,448",16.3648483889,-95.0207495833
"7,496",16.3619114167,-95.0175460833
"8,766",16.36315925,-95.0176052778
"8,133",16.3609709722,-95.0227785
"9,084",16.3571011389,-95.0181976944
"7,499",16.3621976944,-95.0175454444
"7,817",16.3617111389,-95.0248552222
"8,451",16.3650563056,-95.02075425
"8,769",16.3628711667,-95.0176015833
"7,501",16.3624770556,-95.0175459722
"8,136",16.3606690556,-95.0227715833
"9,087",16.35681275,-95.0181864444
"7,820",16.3620222778,-95.0248599722
"8,454",16.3650483333,-95.0203398333
"8,772",16.3625736111,-95.0175980833
"7,504",16.3626983889,-95.0175458333
"8,139",16.3603563333,-95.02276875
"9,090",16.3565219167,-95.0181746389
"7,823",16.3623588056,-95.02486525
"8,457",16.3646951667,-95.0203402222
"8,775",16.3623212778,-95.0175920833
"8,142",16.3600421667,-95.0227625833
"9,093",16.356212,-95.0181630833
"7,826",16.3626391111,-95.0248702778
"8,460",16.36437225,-95.02033425
"7,509",16.3626933333,-95.0179961111
"8,778",16.3623285,-95.0171778333
"7,510",16.3623334722,-95.0179840833
"8,145",16.3597472778,-95.0227561944
"9,096",16.3559280556,-95.0181523889
"7,829",16.362934,-95.0248755278
"8,463",16.36407475,-95.0203298889
"8,781",16.362738,-95.0171866389
"8,148",16.3594291111,-95.0227522778
"9,099",16.3556311667,-95.0181409167
"7,514",16.3620355,-95.0179823611
"7,832",16.3632443056,-95.0248803056
"8,466",16.3637679722,-95.0203222778
"8,784",16.3629911944,-95.0171886111
"8,151",16.3592023889,-95.0227384167
"9,102",16.3553353333,-95.0181301111
"7,517",16.36172175,-95.0179797778
"7,835",16.3635791111,-95.0248853611
"8,469",16.3634629722,-95.0203161389
"8,787",16.363407,-95.0171921111
"7,519",16.3614356944,-95.0179841944
"8,154",16.3592099722,-95.0223277222
"9,105",16.3550455278,-95.0181186111
"7,838",16.3638774722,-95.0248897778
"8,472",16.3630938333,-95.0203124722
"8,789",16.3639111111,-95.0171976667
"8,157",16.3596084722,-95.02233575
"9,108",16.3547368333,-95.0181069444
"7,841",16.3641593333,-95.0248929444
"8,475",16.3628302222,-95.0203091667
"7,522",16.3611191667,-95.0179806944
"8,793",16.3642075833,-95.0172014722
"8,160",16.3598885556,-95.0223380833
"9,111",16.3544434167,-95.0180954444
"7,844",16.3644716389,-95.0248975556
"8,478",16.36253275,-95.020306
"7,527",16.3608281111,-95.0179773889
"8,796",16.36450475,-95.0172051667
"8,163",16.3602219444,-95.0223418889
"9,114",16.3541459722,-95.0180835556
"7,529",16.3605520556,-95.0179771111
"7,847",16.3647846111,-95.0249028056
"8,481",16.3622295556,-95.0203005556
"8,799",16.3648001667,-95.0172083611
"8,166",16.3605201389,-95.0223460278
"8,800",16.3651648611,-95.0172131667
"9,117",16.3538985833,-95.0180711944
"7,850",16.3649971111,-95.0249033056
"8,484",16.3618948056,-95.0202960556
"7,533",16.3602549444,-95.0179867222
"8,169",16.3608491389,-95.0223510833
"8,803",16.3653242778,-95.0172153889
"9,120",16.35428375,-95.01768925
"7,535",16.3599498889,-95.0179845278
"7,853",16.3649882222,-95.0244951667
"8,487",16.3616293611,-95.0202920833
"7,537",16.3596589722,-95.0179827778
"8,172",16.3611340833,-95.0223556111
"8,806",16.3653092778,-95.0167980556
"9,123",16.3545900278,-95.0176997778
"7,856",16.3646098056,-95.0244934444
"8,490",16.36131075,-95.0202845278
"8,175",16.3614740833,-95.0223600833
"8,809",16.3649658611,-95.0168005556
"9,126",16.3548951944,-95.0177107222
"7,541",16.3593614444,-95.0179823056
"7,859",16.3643137778,-95.0244891389
"8,493",16.3610041667,-95.0202826667
"8,178",16.3617869722,-95.0223650278
"8,812",16.3646621667,-95.016798
"9,129",16.3551763889,-95.0177210833
"7,545",16.3590609722,-95.0179836389
"7,862",16.3639871944,-95.0244795
"8,496",16.3607059722,-95.0202798056
"7,546",16.3587648333,-95.0179816111
"8,181",16.3620636111,-95.0223691389
"8,815",16.3643523889,-95.0167941111
"9,132",16.3554783333,-95.0177323611
"7,865",16.36369475,-95.0244765556
"8,499",16.3604016111,-95.0202705556
"8,184",16.3623569722,-95.0223724722
"8,818",16.3640575833,-95.0167906944
"9,135",16.3557888889,-95.0177439722
"7,550",16.3584669722,-95.0179824444
"7,868",16.3633856389,-95.0244723056
"8,502",16.3601049444,-95.0202652222
"8,187",16.3626855833,-95.0223783889
"8,821",16.3637606389,-95.0167861667
"9,138",16.3560963333,-95.01775575
"7,554",16.3582246111,-95.0179715833
"7,871",16.3630799722,-95.0244665278
"8,505",16.3597809167,-95.0202608611
"7,555",16.3582301111,-95.01842925
"8,190",16.362969,-95.0223821944
"8,824",16.3634763889,-95.0167801389
"9,141",16.3564056667,-95.0177679167
"7,874",16.3627598056,-95.0244605833
"8,508",16.3594746667,-95.0202593333
"7,559",16.3586046944,-95.0184030278
"8,193",16.3632789444,-95.0223861389
"7,877",16.3624702222,-95.0244574167
"8,511",16.3592276667,-95.0202420833
"9,145",16.3566609167,-95.0177772222
"8,829",16.3631808056,-95.0167778333
"7,562",16.3588876111,-95.0184023056
"8,196",16.3635867778,-95.0223909167
"7,880",16.3621733611,-95.0244518333
"8,514",16.3623024722,-95.0204875833
"8,831",16.3628727222,-95.0167736944
"9,148",16.3569702778,-95.017789
"8,199",16.3638924167,-95.0223959722
"7,566",16.3592003056,-95.0184003611
"7,883",16.3618860556,-95.0244456667
"8,517",16.3626608889,-95.0204970833
"8,834",16.3625917222,-95.0167698056
"9,152",16.3572794444,-95.0178010278
"8,202",16.3642365833,-95.0224011944
"7,569",16.3595026111,-95.0184011667
"7,886",16.3615601667,-95.0244475833
"8,520",16.3629685,-95.0204985278
"8,837",16.3623316389,-95.0167643333
"9,155",16.3576436944,-95.0178150556
"7,571",16.3598207778,-95.0184013056
"8,205",16.3645407222,-95.0224058056
"7,889",16.3612696667,-95.0244433889
"8,523",16.3632635278,-95.0205010833
"8,840",16.3623375833,-95.0163535
"9,158",16.3578859722,-95.0178242778
"7,574",16.3600997778,-95.0184018333
"8,208",16.3648009722,-95.0224095833
"7,892",16.3609550278,-95.0244331111
"8,526",16.3635588333,-95.0205044444
"8,843",16.3627073333,-95.0163573611
"9,161",16.3581616667,-95.0178345833
"7,577",16.3604168611,-95.0184009444
"8,211",16.3650301389,-95.0224131667
"7,895",16.3606480556,-95.02443025
"8,529",16.3638581389,-95.0205073611
"8,846",16.3630191111,-95.0163606111
"9,164",16.3583826667,-95.0178410556
"7,580",16.3606989444,-95.0183995
"8,214",16.3650225833,-95.0220019444
"7,898",16.3603014167,-95.0244247222
"8,532",16.3641675556,-95.0205109167
"8,849",16.3633391944,-95.0163638333
"9,167",16.3583788056,-95.01743675
"7,583",16.3609909167,-95.0183991389
"8,217",16.3646639167,-95.0219987778
"7,901",16.3600204444,-95.0244211944
"8,535",16.3644508611,-95.0205148333
"8,853",16.3636054722,-95.0163668056
"9,170",16.3580423333,-95.0174315278
"7,903",16.3597385,-95.0244173333
"8,220",16.3643443056,-95.0219956111
"7,587",16.3612895833,-95.0184
"8,538",16.3647485,-95.0205186389
"7,588",16.3616024167,-95.0183992222
"8,856",16.3639313333,-95.0163707778
"9,173",16.3577258889,-95.0174179722
"7,906",16.3594301667,-95.02441225
"8,223",16.3640319167,-95.0219916944
"9,174",16.3574464444,-95.0174076944
"8,541",16.3650529722,-95.0205224444
"8,858",16.3642436111,-95.0163744167
"7,592",16.3619028333,-95.0183995556
"7,909",16.3591790278,-95.0244008611
"8,226",16.3637433056,-95.0219850278
"8,543",16.3652818333,-95.0205249444
"9,177",16.3571351667,-95.0173961667
"7,594",16.3621927778,-95.0183985833
"8,862",16.3645005278,-95.0163777222
"7,912",16.3591875556,-95.0239877778
"8,229",16.3634245833,-95.0219802222
"8,546",16.3652731389,-95.0201072222
"9,180",16.3568513611,-95.0173851944
"8,865",16.3647960556,-95.0163818889
"7,915",16.3595715278,-95.0239981111
"8,232",16.3631073889,-95.0219742778
"8,549",16.3649401944,-95.0201088889
"9,183",16.3565565,-95.017374
"7,599",16.3624613056,-95.0183980833
"8,868",16.3651240278,-95.0163853611
"7,601",16.3627081944,-95.0183970278
"7,918",16.3598983333,-95.0240001389
"8,235",16.3628188333,-95.0219695
"8,552",16.3646376944,-95.0201064444
"9,186",16.3562610556,-95.0173626944
"8,871",16.3653314722,-95.0163869167
"7,921",16.3601987222,-95.0240035
"8,238",16.3625125833,-95.0219659722
"8,555",16.3643239444,-95.0201029722
"7,605",16.3626925833,-95.0188625
"9,190",16.3559590833,-95.0173518889
"7,606",16.3623267222,-95.0188309167
"8,874",16.3653193056,-95.0159764722
"7,924",16.3605260833,-95.0240081389
"8,241",16.3622031111,-95.0219614444
"8,558",16.3640490278,-95.0200998333
"9,193",16.3556635,-95.0173413889
"8,877",16.3649794167,-95.0159720278
"7,927",16.3607930833,-95.0240121667
"8,244",16.3618785556,-95.0219550833
"8,561",16.3637411389,-95.0200961667
"7,611",16.3620126389,-95.01883275
"9,196",16.3553673889,-95.0173288333
"8,880",16.3646783333,-95.015967
"7,930",16.3611142222,-95.0240173056
"8,247",16.3615870556,-95.0219486944
"8,564",16.3634439722,-95.0200920833
"7,614",16.3617378056,-95.0188338333
"9,199",16.3550695,-95.0173172222
"7,615",16.3614331667,-95.018836
"8,883",16.3643815,-95.0159643056
"7,933",16.3614241667,-95.02402225
"8,250",16.3612946389,-95.0219453611
"8,567",16.3631115833,-95.020088
"9,202",16.3547699444,-95.0173065556
"7,618",16.361138,-95.0188338056
"8,252",16.3609620278,-95.0219407778
"8,886",16.3640816111,-95.0159611944
"7,936",16.3617358056,-95.0240276389
"8,570",16.3628322778,-95.0200833333
"9,204",16.3544720833,-95.0172936389
"8,255",16.3606867222,-95.0219358056
"8,889",16.3637921944,-95.0159583611
"7,622",16.3608448889,-95.0188355278
"7,939",16.3620628056,-95.0240311667
"8,573",16.3625278611,-95.0200785556
"9,207",16.3541481389,-95.0172814167
"7,624",16.3605497222,-95.0188348889
"8,892",16.3634941111,-95.0159548056
"7,942",16.3623420278,-95.0240353889
"8,259",16.3603473889,-95.0219316389
"9,210",16.3539272222,-95.0172691944
"8,577",16.3622927222,-95.0200736667
"8,895",16.3631450278,-95.01595075
"7,190",16.3567404444,-95.0161735556
"7,192",16.35706325,-95.0161860278
"7,194",16.3573187222,-95.0161959722
"7,196",16.3576283333,-95.0162079444
"7,198",16.3579243889,-95.0162191944
"7,200",16.3582158056,-95.01623025
"7,202",16.35844,-95.0162381944
"7,204",16.3584337222,-95.0158355278
"7,206",16.3581031667,-95.0158276944
"7,212",16.3571863889,-95.0157928056
"7,214",16.3569006944,-95.01578125
"7,216",16.3566061111,-95.0157701389
"7,218",16.3563035278,-95.0157588889
"7,220",16.3560073056,-95.0157480833
"7,222",16.3556983333,-95.0157363333
"7,224",16.3554250833,-95.0157256667
"7,226",16.3551234167,-95.0157139167
"7,228",16.3548136389,-95.0157021111
"7,230",16.3545153611,-95.0156900833
"7,232",16.35421775,-95.0156786667
"7,236",16.3626982778,-95.0153946944
"7,238",16.3623333889,-95.0154183611
"7,240",16.3620302778,-95.0154175278
"7,242",16.3617280833,-95.0154195278
"7,244",16.3614226389,-95.0154219167
"7,246",16.3611050556,-95.0154228333
"7,248",16.3608250556,-95.0154210278
"7,250",16.3605431111,-95.0154203056
"7,252",16.3602466667,-95.0154175278
"7,254",16.3599501389,-95.0154174167
"7,256",16.3596563056,-95.0154175
"7,258",16.3593583889,-95.01541875
"7,260",16.3590368333,-95.0154185
"7,262",16.3587591111,-95.0154184722
"7,264",16.3584480556,-95.01541825
"7,268",16.3582277778,-95.0158665833
"7,271",16.3585772778,-95.0158426667
"7,274",16.3589072222,-95.0158425833
"7,277",16.3591989722,-95.0158422778
"7,280",16.3595208056,-95.0158404444
"7,283",16.3597880278,-95.0158398333
"7,286",16.3600871667,-95.0158388889
"7,289",16.3603857778,-95.0158380556
"7,292",16.3606837222,-95.0158370556
"7,295",16.3609779722,-95.0158369444
"7,298",16.3613205556,-95.0158397222
"7,301",16.3615711389,-95.0158400833
"7,304",16.3618744444,-95.0158393333
"7,307",16.3621676111,-95.01583925
"7,310",16.36250525,-95.0158381667
"7,945",16.3626550278,-95.0240388611
"8,262",16.3600543056,-95.0219280278
"9,213",16.3543149167,-95.0168866389
